,0
0,http://www.appliedproductionservices.com/
1,http://www.rexberryevents.com/
2,NaN
3,NaN
4,http://www.rexberryevents.com/
5,http://www.sheratonlosangelesdowntown.com/
6,https://hotelicon.com/
7,http://www.djuentertainment.com/
8,http://foodservstaffing.com/
9,http://www.in10cityband.com/
10,NaN
11,NaN
12,http://deliteoccasions.com/
13,http://www.f8studio.com/
14,NaN
15,NaN
16,NaN
17,NaN
18,http://hermannpark.org/
19,http://www%2Ecollegeparkflowers@live.com/
20,http://www.trulucks.com/
21,http://www.mandapcreations.com/
22,NaN
23,http://www.thebougainvilleasrooms.com/
24,NaN
25,NaN
26,http://steak48.com/
27,NaN
28,http://www.geohlewis.com/
29,http://www.citykitchencatering.com/
30,http://www.buffalobayou.org/
31,NaN
32,NaN
33,http://www.jacksonandcompany.com/
34,NaN
35,http://www.pernod-ricard-usa.com/
36,NaN
37,NaN
38,https://belleevents.com/
39,http://www.trulucks.com/
40,NaN
41,http://1564entertainment.com/
42,http://www.1564entertainment.com/
43,NaN
44,http://www.peachyeventstx.com/
45,http://www.jsav.com/
46,http://www.revelrygoods.com/
47,NaN
48,NaN
49,NaN
50,http://www.jimbentonhouston.com/
51,NaN
52,https://staffmate.com/
53,http://www.bridalextravaganzashow.com/
54,http://www.ebincevents.com/
55,http://www.grandtuscany.com/
56,NaN
57,http://www.idealpartydecorators.com/
58,http://www.ideafountain-inc.com/
59,NaN
60,http://www.cosmocoolconcepts.com/
61,http://foodservstaffing.com/
62,http://maryannblooms.com/
63,NaN
64,http://www.gtxprod.com/
65,NaN
66,NaN
67,NaN
68,NaN
69,NaN
70,http://charlottewyattart.com/
71,NaN
72,NaN
73,http://www.acemart.com/
